taxa	gene
Ht	725at5794
Ht	1595at5794
Ht	2281at5794
Ht	2321at5794
Ht	2387at5794
Ht	2619at5794
Ht	2838at5794
Ht	3002at5794
Ht	3086at5794
Ht	3187at5794
Ht	3349at5794
Ht	3446at5794
Ht	3686at5794
Ht	3730at5794
Ht	3933at5794
Ht	4144at5794
Ht	4227at5794
Ht	4370at5794
Ht	4642at5794
Ht	4856at5794
Ht	4967at5794
Ht	5412at5794
Ht	5869at5794
Ht	5881at5794
Ht	6083at5794
Ht	6285at5794
Ht	6333at5794
Ht	6336at5794
Ht	6367at5794
Ht	6474at5794
Ht	6796at5794
Ht	6993at5794
Ht	7233at5794
Ht	7349at5794
Ht	7485at5794
Ht	7633at5794
Ht	7687at5794
Ht	7815at5794
Ht	7857at5794
Ht	8041at5794
Ht	8420at5794
Ht	8677at5794
Ht	8690at5794
Ht	8695at5794
Ht	8725at5794
Ht	8735at5794
Ht	8866at5794
Ht	9164at5794
Ht	9293at5794
Ht	9319at5794
Ht	9361at5794
Ht	9369at5794
Ht	9406at5794
Ht	9588at5794
Ht	9725at5794
Ht	9808at5794
Ht	9982at5794
Ht	10090at5794
Ht	10141at5794
Ht	10373at5794
Ht	10788at5794
Ht	10856at5794
Ht	10909at5794
Ht	10935at5794
Ht	10985at5794
Ht	11003at5794
Ht	11057at5794
Ht	11176at5794
Ht	11241at5794
Ht	11259at5794
Ht	11284at5794
Ht	11346at5794
Ht	11405at5794
Ht	11621at5794
Ht	11677at5794
Ht	11718at5794
Ht	11832at5794
Ht	12016at5794
Ht	12125at5794
Ht	12211at5794
Ht	12351at5794
Ht	12388at5794
Ht	12797at5794
Ht	12818at5794
Ht	13036at5794
Ht	13194at5794
Ht	13556at5794
Ht	13724at5794
Ht	13776at5794
Ht	13789at5794
Ht	14024at5794
Ht	14479at5794
Ht	14575at5794
Ht	14681at5794
Ht	14987at5794
Ht	15126at5794
Ht	15286at5794
Ht	15299at5794
Ht	15302at5794
Ht	15424at5794
Ht	15503at5794
Ht	15514at5794
Ht	15540at5794
Ht	15805at5794
Ht	15993at5794
Ht	16057at5794
Ht	16452at5794
Ht	16650at5794
Ht	16820at5794
Ht	16994at5794
Ht	17200at5794
Ht	17218at5794
Ht	17380at5794
Ht	17497at5794
Ht	17863at5794
Ht	17961at5794
Ht	17999at5794
Ht	18098at5794
Ht	18101at5794
Ht	18255at5794
Ht	18428at5794
Ht	18489at5794
Ht	18683at5794
Ht	18706at5794
Ht	18711at5794
Ht	19039at5794
Ht	19103at5794
Ht	19183at5794
Ht	19469at5794
Ht	19637at5794
Ht	19790at5794
Ht	20051at5794
Ht	20052at5794
Ht	20090at5794
Ht	20369at5794
Ht	20427at5794
Ht	20436at5794
Ht	20882at5794
Ht	21158at5794
Ht	21312at5794
Ht	21956at5794
Ht	22083at5794
Ht	22202at5794
Ht	22217at5794
Ht	22305at5794
Ht	22346at5794
Ht	22503at5794
Ht	22800at5794
Ht	22820at5794
Ht	22835at5794
Ht	22891at5794
Ht	22905at5794
Ht	23091at5794
Ht	23142at5794
Ht	23475at5794
Ht	23515at5794
Ht	24023at5794
Ht	24292at5794
Ht	24395at5794
Ht	24759at5794
Ht	24788at5794
Ht	25055at5794
Ht	25201at5794
Ht	25322at5794
Ht	25523at5794
Ht	25569at5794
Ht	25624at5794
Ht	25724at5794
Ht	25789at5794
Ht	26001at5794
Ht	26161at5794
Ht	26277at5794
Ht	26364at5794
Ht	26893at5794
Ht	26922at5794
Ht	27293at5794
Ht	27384at5794
Ht	27388at5794
Ht	27650at5794
Ht	27818at5794
Ht	27931at5794
Ht	28228at5794
Ht	29301at5794
Ht	29354at5794
Ht	29369at5794
Ht	29664at5794
Ht	30068at5794
Ht	30605at5794
Ht	31238at5794
Ht	32168at5794
Pb	725at5794
Pb	1166at5794
Pb	1482at5794
Pb	1595at5794
Pb	1612at5794
Pb	1619at5794
Pb	1911at5794
Pb	1928at5794
Pb	1988at5794
Pb	2281at5794
Pb	2321at5794
Pb	2374at5794
Pb	2387at5794
Pb	2619at5794
Pb	2676at5794
Pb	2816at5794
Pb	2838at5794
Pb	2962at5794
Pb	3086at5794
Pb	3154at5794
Pb	3187at5794
Pb	3274at5794
Pb	3296at5794
Pb	3349at5794
Pb	3366at5794
Pb	3446at5794
Pb	3522at5794
Pb	3558at5794
Pb	3730at5794
Pb	3823at5794
Pb	3933at5794
Pb	4162at5794
Pb	4227at5794
Pb	4246at5794
Pb	4370at5794
Pb	4404at5794
Pb	4430at5794
Pb	4526at5794
Pb	4564at5794
Pb	4642at5794
Pb	4846at5794
Pb	4856at5794
Pb	4967at5794
Pb	5067at5794
Pb	5247at5794
Pb	5412at5794
Pb	5445at5794
Pb	5504at5794
Pb	5510at5794
Pb	5696at5794
Pb	5869at5794
Pb	5881at5794
Pb	6024at5794
Pb	6083at5794
Pb	6176at5794
Pb	6285at5794
Pb	6307at5794
Pb	6367at5794
Pb	6554at5794
Pb	6796at5794
Pb	6891at5794
Pb	6993at5794
Pb	7091at5794
Pb	7157at5794
Pb	7233at5794
Pb	7295at5794
Pb	7349at5794
Pb	7423at5794
Pb	7447at5794
Pb	7485at5794
Pb	7555at5794
Pb	7633at5794
Pb	7668at5794
Pb	7687at5794
Pb	7815at5794
Pb	7831at5794
Pb	7857at5794
Pb	7863at5794
Pb	8041at5794
Pb	8055at5794
Pb	8389at5794
Pb	8420at5794
Pb	8643at5794
Pb	8677at5794
Pb	8695at5794
Pb	8725at5794
Pb	8735at5794
Pb	8813at5794
Pb	8866at5794
Pb	8903at5794
Pb	8944at5794
Pb	9037at5794
Pb	9069at5794
Pb	9164at5794
Pb	9322at5794
Pb	9332at5794
Pb	9361at5794
Pb	9369at5794
Pb	9406at5794
Pb	9529at5794
Pb	9588at5794
Pb	9601at5794
Pb	9725at5794
Pb	9847at5794
Pb	9982at5794
Pb	10090at5794
Pb	10141at5794
Pb	10293at5794
Pb	10373at5794
Pb	10652at5794
Pb	10788at5794
Pb	10854at5794
Pb	10856at5794
Pb	10909at5794
Pb	10935at5794
Pb	10985at5794
Pb	11003at5794
Pb	11034at5794
Pb	11123at5794
Pb	11176at5794
Pb	11205at5794
Pb	11241at5794
Pb	11259at5794
Pb	11284at5794
Pb	11346at5794
Pb	11405at5794
Pb	11582at5794
Pb	11612at5794
Pb	11677at5794
Pb	11783at5794
Pb	11832at5794
Pb	12016at5794
Pb	12071at5794
Pb	12125at5794
Pb	12211at5794
Pb	12388at5794
Pb	12440at5794
Pb	12644at5794
Pb	12743at5794
Pb	12797at5794
Pb	12818at5794
Pb	12942at5794
Pb	13102at5794
Pb	13194at5794
Pb	13336at5794
Pb	13632at5794
Pb	13724at5794
Pb	13776at5794
Pb	13789at5794
Pb	13855at5794
Pb	13883at5794
Pb	14024at5794
Pb	14048at5794
Pb	14082at5794
Pb	14124at5794
Pb	14227at5794
Pb	14479at5794
Pb	14505at5794
Pb	14575at5794
Pb	14874at5794
Pb	14957at5794
Pb	14987at5794
Pb	15126at5794
Pb	15286at5794
Pb	15299at5794
Pb	15302at5794
Pb	15350at5794
Pb	15424at5794
Pb	15503at5794
Pb	15514at5794
Pb	15540at5794
Pb	15596at5794
Pb	15774at5794
Pb	15855at5794
Pb	15916at5794
Pb	16032at5794
Pb	16057at5794
Pb	16452at5794
Pb	16539at5794
Pb	16650at5794
Pb	16820at5794
Pb	16994at5794
Pb	17044at5794
Pb	17200at5794
Pb	17218at5794
Pb	17380at5794
Pb	17412at5794
Pb	17497at5794
Pb	17863at5794
Pb	17961at5794
Pb	17999at5794
Pb	18011at5794
Pb	18071at5794
Pb	18098at5794
Pb	18101at5794
Pb	18209at5794
Pb	18255at5794
Pb	18428at5794
Pb	18489at5794
Pb	18531at5794
Pb	18566at5794
Pb	18683at5794
Pb	18706at5794
Pb	18711at5794
Pb	18971at5794
Pb	19039at5794
Pb	19103at5794
Pb	19128at5794
Pb	19225at5794
Pb	19406at5794
Pb	19467at5794
Pb	19469at5794
Pb	19474at5794
Pb	19637at5794
Pb	19810at5794
Pb	20051at5794
Pb	20052at5794
Pb	20348at5794
Pb	20369at5794
Pb	20427at5794
Pb	20436at5794
Pb	20882at5794
Pb	20983at5794
Pb	20986at5794
Pb	21092at5794
Pb	21124at5794
Pb	21158at5794
Pb	21351at5794
Pb	21375at5794
Pb	21423at5794
Pb	21482at5794
Pb	21541at5794
Pb	21717at5794
Pb	21882at5794
Pb	21956at5794
Pb	21963at5794
Pb	22083at5794
Pb	22116at5794
Pb	22202at5794
Pb	22217at5794
Pb	22257at5794
Pb	22305at5794
Pb	22346at5794
Pb	22440at5794
Pb	22503at5794
Pb	22689at5794
Pb	22709at5794
Pb	22800at5794
Pb	22820at5794
Pb	22835at5794
Pb	22891at5794
Pb	22904at5794
Pb	22905at5794
Pb	22915at5794
Pb	22988at5794
Pb	23020at5794
Pb	23091at5794
Pb	23142at5794
Pb	23183at5794
Pb	23187at5794
Pb	23355at5794
Pb	23425at5794
Pb	23426at5794
Pb	23475at5794
Pb	23515at5794
Pb	23873at5794
Pb	24023at5794
Pb	24024at5794
Pb	24078at5794
Pb	24161at5794
Pb	24264at5794
Pb	24268at5794
Pb	24292at5794
Pb	24395at5794
Pb	24670at5794
Pb	24759at5794
Pb	24788at5794
Pb	24890at5794
Pb	24900at5794
Pb	25017at5794
Pb	25046at5794
Pb	25055at5794
Pb	25201at5794
Pb	25322at5794
Pb	25452at5794
Pb	25455at5794
Pb	25523at5794
Pb	25569at5794
Pb	25624at5794
Pb	25724at5794
Pb	25788at5794
Pb	25789at5794
Pb	25853at5794
Pb	25859at5794
Pb	25958at5794
Pb	26001at5794
Pb	26139at5794
Pb	26161at5794
Pb	26277at5794
Pb	26364at5794
Pb	26366at5794
Pb	26382at5794
Pb	26459at5794
Pb	26665at5794
Pb	26728at5794
Pb	26750at5794
Pb	26779at5794
Pb	26893at5794
Pb	26922at5794
Pb	27009at5794
Pb	27114at5794
Pb	27184at5794
Pb	27220at5794
Pb	27293at5794
Pb	27360at5794
Pb	27384at5794
Pb	27388at5794
Pb	27650at5794
Pb	27818at5794
Pb	27931at5794
Pb	28228at5794
Pb	28230at5794
Pb	28413at5794
Pb	28469at5794
Pb	28533at5794
Pb	28591at5794
Pb	28815at5794
Pb	28878at5794
Pb	29354at5794
Pb	29369at5794
Pb	29437at5794
Pb	29462at5794
Pb	29618at5794
Pb	29664at5794
Pb	29885at5794
Pb	29908at5794
Pb	29916at5794
Pb	30068at5794
Pb	30196at5794
Pb	30292at5794
Pb	30326at5794
Pb	30416at5794
Pb	30772at5794
Pb	30944at5794
Pb	31115at5794
Pb	31238at5794
Pb	31317at5794
Pb	31454at5794
Pb	31507at5794
Pb	31642at5794
Pb	32130at5794
Pb	32138at5794
Pb	32173at5794
Pb	32865at5794
Pb	33614at5794
Pb	34570at5794
Pc	274at5794
Pc	330at5794
Pc	615at5794
Pc	725at5794
Pc	820at5794
Pc	1166at5794
Pc	1204at5794
Pc	1482at5794
Pc	1595at5794
Pc	1612at5794
Pc	1619at5794
Pc	1870at5794
Pc	1911at5794
Pc	1928at5794
Pc	1988at5794
Pc	2281at5794
Pc	2321at5794
Pc	2374at5794
Pc	2387at5794
Pc	2587at5794
Pc	2619at5794
Pc	2648at5794
Pc	2676at5794
Pc	2708at5794
Pc	2737at5794
Pc	2816at5794
Pc	2838at5794
Pc	2962at5794
Pc	3002at5794
Pc	3086at5794
Pc	3102at5794
Pc	3154at5794
Pc	3187at5794
Pc	3274at5794
Pc	3296at5794
Pc	3349at5794
Pc	3366at5794
Pc	3388at5794
Pc	3446at5794
Pc	3522at5794
Pc	3558at5794
Pc	3686at5794
Pc	3730at5794
Pc	3823at5794
Pc	3933at5794
Pc	4086at5794
Pc	4144at5794
Pc	4152at5794
Pc	4162at5794
Pc	4227at5794
Pc	4246at5794
Pc	4291at5794
Pc	4370at5794
Pc	4404at5794
Pc	4430at5794
Pc	4526at5794
Pc	4564at5794
Pc	4642at5794
Pc	4695at5794
Pc	4846at5794
Pc	4856at5794
Pc	4967at5794
Pc	5067at5794
Pc	5247at5794
Pc	5412at5794
Pc	5445at5794
Pc	5504at5794
Pc	5510at5794
Pc	5696at5794
Pc	5869at5794
Pc	5881at5794
Pc	6024at5794
Pc	6081at5794
Pc	6083at5794
Pc	6176at5794
Pc	6285at5794
Pc	6307at5794
Pc	6333at5794
Pc	6336at5794
Pc	6367at5794
Pc	6474at5794
Pc	6554at5794
Pc	6605at5794
Pc	6785at5794
Pc	6796at5794
Pc	6891at5794
Pc	6993at5794
Pc	7036at5794
Pc	7091at5794
Pc	7157at5794
Pc	7233at5794
Pc	7295at5794
Pc	7349at5794
Pc	7423at5794
Pc	7447at5794
Pc	7485at5794
Pc	7555at5794
Pc	7566at5794
Pc	7633at5794
Pc	7668at5794
Pc	7687at5794
Pc	7815at5794
Pc	7831at5794
Pc	7857at5794
Pc	7863at5794
Pc	8020at5794
Pc	8041at5794
Pc	8055at5794
Pc	8389at5794
Pc	8420at5794
Pc	8643at5794
Pc	8677at5794
Pc	8690at5794
Pc	8695at5794
Pc	8725at5794
Pc	8735at5794
Pc	8813at5794
Pc	8866at5794
Pc	8903at5794
Pc	8944at5794
Pc	9037at5794
Pc	9069at5794
Pc	9164at5794
Pc	9293at5794
Pc	9319at5794
Pc	9322at5794
Pc	9332at5794
Pc	9361at5794
Pc	9369at5794
Pc	9406at5794
Pc	9462at5794
Pc	9529at5794
Pc	9588at5794
Pc	9601at5794
Pc	9725at5794
Pc	9789at5794
Pc	9808at5794
Pc	9847at5794
Pc	9982at5794
Pc	10029at5794
Pc	10090at5794
Pc	10141at5794
Pc	10293at5794
Pc	10373at5794
Pc	10652at5794
Pc	10788at5794
Pc	10838at5794
Pc	10856at5794
Pc	10909at5794
Pc	10935at5794
Pc	10985at5794
Pc	11003at5794
Pc	11034at5794
Pc	11057at5794
Pc	11123at5794
Pc	11176at5794
Pc	11205at5794
Pc	11231at5794
Pc	11241at5794
Pc	11259at5794
Pc	11284at5794
Pc	11346at5794
Pc	11405at5794
Pc	11493at5794
Pc	11582at5794
Pc	11612at5794
Pc	11621at5794
Pc	11677at5794
Pc	11711at5794
Pc	11713at5794
Pc	11718at5794
Pc	11783at5794
Pc	11832at5794
Pc	12016at5794
Pc	12071at5794
Pc	12125at5794
Pc	12211at5794
Pc	12351at5794
Pc	12388at5794
Pc	12440at5794
Pc	12505at5794
Pc	12644at5794
Pc	12743at5794
Pc	12797at5794
Pc	12818at5794
Pc	12942at5794
Pc	13036at5794
Pc	13102at5794
Pc	13194at5794
Pc	13336at5794
Pc	13345at5794
Pc	13556at5794
Pc	13632at5794
Pc	13724at5794
Pc	13776at5794
Pc	13789at5794
Pc	13817at5794
Pc	13855at5794
Pc	13883at5794
Pc	13893at5794
Pc	13940at5794
Pc	14024at5794
Pc	14048at5794
Pc	14082at5794
Pc	14124at5794
Pc	14227at5794
Pc	14479at5794
Pc	14505at5794
Pc	14575at5794
Pc	14640at5794
Pc	14681at5794
Pc	14874at5794
Pc	14957at5794
Pc	14975at5794
Pc	15126at5794
Pc	15286at5794
Pc	15302at5794
Pc	15350at5794
Pc	15503at5794
Pc	15514at5794
Pc	15540at5794
Pc	15596at5794
Pc	15774at5794
Pc	15805at5794
Pc	15855at5794
Pc	15916at5794
Pc	15993at5794
Pc	16032at5794
Pc	16039at5794
Pc	16057at5794
Pc	16146at5794
Pc	16452at5794
Pc	16539at5794
Pc	16650at5794
Pc	16820at5794
Pc	16994at5794
Pc	17044at5794
Pc	17200at5794
Pc	17218at5794
Pc	17380at5794
Pc	17412at5794
Pc	17497at5794
Pc	17863at5794
Pc	17961at5794
Pc	17999at5794
Pc	18011at5794
Pc	18071at5794
Pc	18098at5794
Pc	18101at5794
Pc	18209at5794
Pc	18255at5794
Pc	18428at5794
Pc	18484at5794
Pc	18489at5794
Pc	18531at5794
Pc	18566at5794
Pc	18683at5794
Pc	18706at5794
Pc	18711at5794
Pc	18971at5794
Pc	19039at5794
Pc	19103at5794
Pc	19128at5794
Pc	19183at5794
Pc	19225at5794
Pc	19406at5794
Pc	19467at5794
Pc	19469at5794
Pc	19474at5794
Pc	19637at5794
Pc	19790at5794
Pc	19810at5794
Pc	20051at5794
Pc	20052at5794
Pc	20090at5794
Pc	20348at5794
Pc	20369at5794
Pc	20427at5794
Pc	20436at5794
Pc	20882at5794
Pc	20983at5794
Pc	20986at5794
Pc	21092at5794
Pc	21124at5794
Pc	21158at5794
Pc	21312at5794
Pc	21351at5794
Pc	21375at5794
Pc	21423at5794
Pc	21482at5794
Pc	21522at5794
Pc	21541at5794
Pc	21717at5794
Pc	21882at5794
Pc	21956at5794
Pc	21963at5794
Pc	22083at5794
Pc	22116at5794
Pc	22202at5794
Pc	22217at5794
Pc	22257at5794
Pc	22305at5794
Pc	22346at5794
Pc	22440at5794
Pc	22503at5794
Pc	22689at5794
Pc	22709at5794
Pc	22800at5794
Pc	22820at5794
Pc	22835at5794
Pc	22891at5794
Pc	22904at5794
Pc	22905at5794
Pc	22915at5794
Pc	22988at5794
Pc	23020at5794
Pc	23091at5794
Pc	23142at5794
Pc	23183at5794
Pc	23187at5794
Pc	23355at5794
Pc	23425at5794
Pc	23426at5794
Pc	23475at5794
Pc	23514at5794
Pc	23515at5794
Pc	23873at5794
Pc	24023at5794
Pc	24024at5794
Pc	24078at5794
Pc	24161at5794
Pc	24268at5794
Pc	24292at5794
Pc	24395at5794
Pc	24506at5794
Pc	24670at5794
Pc	24759at5794
Pc	24788at5794
Pc	24890at5794
Pc	24900at5794
Pc	25017at5794
Pc	25046at5794
Pc	25055at5794
Pc	25201at5794
Pc	25213at5794
Pc	25322at5794
Pc	25452at5794
Pc	25455at5794
Pc	25523at5794
Pc	25569at5794
Pc	25624at5794
Pc	25724at5794
Pc	25788at5794
Pc	25789at5794
Pc	25853at5794
Pc	25859at5794
Pc	25958at5794
Pc	26001at5794
Pc	26139at5794
Pc	26161at5794
Pc	26277at5794
Pc	26300at5794
Pc	26364at5794
Pc	26366at5794
Pc	26382at5794
Pc	26459at5794
Pc	26665at5794
Pc	26728at5794
Pc	26750at5794
Pc	26779at5794
Pc	26893at5794
Pc	26922at5794
Pc	27009at5794
Pc	27114at5794
Pc	27184at5794
Pc	27220at5794
Pc	27281at5794
Pc	27293at5794
Pc	27360at5794
Pc	27384at5794
Pc	27388at5794
Pc	27413at5794
Pc	27590at5794
Pc	27818at5794
Pc	27931at5794
Pc	27960at5794
Pc	28228at5794
Pc	28230at5794
Pc	28413at5794
Pc	28469at5794
Pc	28533at5794
Pc	28591at5794
Pc	28621at5794
Pc	28815at5794
Pc	28878at5794
Pc	29094at5794
Pc	29301at5794
Pc	29314at5794
Pc	29354at5794
Pc	29369at5794
Pc	29437at5794
Pc	29462at5794
Pc	29541at5794
Pc	29664at5794
Pc	29816at5794
Pc	29885at5794
Pc	29908at5794
Pc	29916at5794
Pc	30068at5794
Pc	30196at5794
Pc	30292at5794
Pc	30326at5794
Pc	30416at5794
Pc	30605at5794
Pc	30772at5794
Pc	30944at5794
Pc	30973at5794
Pc	31115at5794
Pc	31238at5794
Pc	31317at5794
Pc	31454at5794
Pc	31507at5794
Pc	31642at5794
Pc	32130at5794
Pc	32138at5794
Pc	32173at5794
Pc	32865at5794
Pc	33614at5794
Pc	34570at5794
Pf	274at5794
Pf	330at5794
Pf	615at5794
Pf	725at5794
Pf	820at5794
Pf	1166at5794
Pf	1204at5794
Pf	1482at5794
Pf	1595at5794
Pf	1612at5794
Pf	1619at5794
Pf	1870at5794
Pf	1911at5794
Pf	1928at5794
Pf	1988at5794
Pf	2281at5794
Pf	2321at5794
Pf	2374at5794
Pf	2387at5794
Pf	2587at5794
Pf	2619at5794
Pf	2648at5794
Pf	2676at5794
Pf	2708at5794
Pf	2737at5794
Pf	2816at5794
Pf	2838at5794
Pf	2962at5794
Pf	3002at5794
Pf	3086at5794
Pf	3102at5794
Pf	3187at5794
Pf	3274at5794
Pf	3296at5794
Pf	3349at5794
Pf	3366at5794
Pf	3388at5794
Pf	3446at5794
Pf	3522at5794
Pf	3558at5794
Pf	3686at5794
Pf	3730at5794
Pf	3823at5794
Pf	3933at5794
Pf	4086at5794
Pf	4144at5794
Pf	4152at5794
Pf	4162at5794
Pf	4227at5794
Pf	4246at5794
Pf	4291at5794
Pf	4370at5794
Pf	4404at5794
Pf	4430at5794
Pf	4526at5794
Pf	4564at5794
Pf	4642at5794
Pf	4695at5794
Pf	4846at5794
Pf	4856at5794
Pf	4967at5794
Pf	5067at5794
Pf	5247at5794
Pf	5412at5794
Pf	5445at5794
Pf	5504at5794
Pf	5510at5794
Pf	5696at5794
Pf	5869at5794
Pf	5881at5794
Pf	6024at5794
Pf	6081at5794
Pf	6083at5794
Pf	6176at5794
Pf	6285at5794
Pf	6307at5794
Pf	6333at5794
Pf	6336at5794
Pf	6367at5794
Pf	6474at5794
Pf	6554at5794
Pf	6605at5794
Pf	6785at5794
Pf	6796at5794
Pf	6891at5794
Pf	6993at5794
Pf	7036at5794
Pf	7091at5794
Pf	7157at5794
Pf	7233at5794
Pf	7295at5794
Pf	7349at5794
Pf	7423at5794
Pf	7447at5794
Pf	7485at5794
Pf	7555at5794
Pf	7566at5794
Pf	7633at5794
Pf	7668at5794
Pf	7687at5794
Pf	7815at5794
Pf	7831at5794
Pf	7857at5794
Pf	7863at5794
Pf	8020at5794
Pf	8041at5794
Pf	8055at5794
Pf	8389at5794
Pf	8420at5794
Pf	8643at5794
Pf	8677at5794
Pf	8690at5794
Pf	8695at5794
Pf	8725at5794
Pf	8735at5794
Pf	8813at5794
Pf	8866at5794
Pf	8903at5794
Pf	8944at5794
Pf	9037at5794
Pf	9069at5794
Pf	9164at5794
Pf	9293at5794
Pf	9319at5794
Pf	9322at5794
Pf	9332at5794
Pf	9361at5794
Pf	9369at5794
Pf	9406at5794
Pf	9462at5794
Pf	9529at5794
Pf	9588at5794
Pf	9601at5794
Pf	9725at5794
Pf	9789at5794
Pf	9808at5794
Pf	9847at5794
Pf	9982at5794
Pf	10029at5794
Pf	10090at5794
Pf	10141at5794
Pf	10293at5794
Pf	10373at5794
Pf	10652at5794
Pf	10788at5794
Pf	10838at5794
Pf	10854at5794
Pf	10856at5794
Pf	10909at5794
Pf	10935at5794
Pf	10985at5794
Pf	11003at5794
Pf	11034at5794
Pf	11057at5794
Pf	11123at5794
Pf	11176at5794
Pf	11205at5794
Pf	11231at5794
Pf	11241at5794
Pf	11259at5794
Pf	11284at5794
Pf	11346at5794
Pf	11405at5794
Pf	11493at5794
Pf	11582at5794
Pf	11612at5794
Pf	11621at5794
Pf	11677at5794
Pf	11711at5794
Pf	11713at5794
Pf	11718at5794
Pf	11783at5794
Pf	11832at5794
Pf	12016at5794
Pf	12071at5794
Pf	12125at5794
Pf	12211at5794
Pf	12351at5794
Pf	12388at5794
Pf	12440at5794
Pf	12505at5794
Pf	12644at5794
Pf	12743at5794
Pf	12797at5794
Pf	12818at5794
Pf	12942at5794
Pf	13036at5794
Pf	13102at5794
Pf	13194at5794
Pf	13336at5794
Pf	13345at5794
Pf	13556at5794
Pf	13632at5794
Pf	13724at5794
Pf	13776at5794
Pf	13789at5794
Pf	13817at5794
Pf	13855at5794
Pf	13883at5794
Pf	13893at5794
Pf	13940at5794
Pf	14024at5794
Pf	14048at5794
Pf	14082at5794
Pf	14124at5794
Pf	14227at5794
Pf	14479at5794
Pf	14505at5794
Pf	14575at5794
Pf	14640at5794
Pf	14681at5794
Pf	14874at5794
Pf	14957at5794
Pf	14975at5794
Pf	14987at5794
Pf	15126at5794
Pf	15286at5794
Pf	15299at5794
Pf	15302at5794
Pf	15350at5794
Pf	15424at5794
Pf	15503at5794
Pf	15514at5794
Pf	15540at5794
Pf	15596at5794
Pf	15774at5794
Pf	15805at5794
Pf	15855at5794
Pf	15916at5794
Pf	15993at5794
Pf	16032at5794
Pf	16039at5794
Pf	16057at5794
Pf	16146at5794
Pf	16452at5794
Pf	16539at5794
Pf	16650at5794
Pf	16820at5794
Pf	16994at5794
Pf	17044at5794
Pf	17200at5794
Pf	17218at5794
Pf	17380at5794
Pf	17412at5794
Pf	17497at5794
Pf	17863at5794
Pf	17961at5794
Pf	17999at5794
Pf	18011at5794
Pf	18071at5794
Pf	18098at5794
Pf	18101at5794
Pf	18209at5794
Pf	18255at5794
Pf	18428at5794
Pf	18484at5794
Pf	18489at5794
Pf	18531at5794
Pf	18566at5794
Pf	18683at5794
Pf	18706at5794
Pf	18711at5794
Pf	18971at5794
Pf	19039at5794
Pf	19103at5794
Pf	19128at5794
Pf	19183at5794
Pf	19225at5794
Pf	19406at5794
Pf	19467at5794
Pf	19469at5794
Pf	19474at5794
Pf	19637at5794
Pf	19790at5794
Pf	19810at5794
Pf	20051at5794
Pf	20052at5794
Pf	20090at5794
Pf	20348at5794
Pf	20369at5794
Pf	20427at5794
Pf	20436at5794
Pf	20882at5794
Pf	20983at5794
Pf	20986at5794
Pf	21092at5794
Pf	21124at5794
Pf	21158at5794
Pf	21312at5794
Pf	21351at5794
Pf	21375at5794
Pf	21423at5794
Pf	21482at5794
Pf	21522at5794
Pf	21541at5794
Pf	21717at5794
Pf	21843at5794
Pf	21882at5794
Pf	21956at5794
Pf	21963at5794
Pf	22083at5794
Pf	22116at5794
Pf	22202at5794
Pf	22217at5794
Pf	22257at5794
Pf	22305at5794
Pf	22346at5794
Pf	22440at5794
Pf	22503at5794
Pf	22689at5794
Pf	22709at5794
Pf	22800at5794
Pf	22820at5794
Pf	22835at5794
Pf	22891at5794
Pf	22904at5794
Pf	22905at5794
Pf	22915at5794
Pf	22988at5794
Pf	23020at5794
Pf	23091at5794
Pf	23142at5794
Pf	23183at5794
Pf	23187at5794
Pf	23355at5794
Pf	23425at5794
Pf	23426at5794
Pf	23475at5794
Pf	23514at5794
Pf	23515at5794
Pf	23873at5794
Pf	24023at5794
Pf	24024at5794
Pf	24078at5794
Pf	24161at5794
Pf	24268at5794
Pf	24292at5794
Pf	24395at5794
Pf	24506at5794
Pf	24670at5794
Pf	24759at5794
Pf	24788at5794
Pf	24890at5794
Pf	24900at5794
Pf	25017at5794
Pf	25046at5794
Pf	25055at5794
Pf	25201at5794
Pf	25213at5794
Pf	25322at5794
Pf	25452at5794
Pf	25455at5794
Pf	25523at5794
Pf	25569at5794
Pf	25624at5794
Pf	25724at5794
Pf	25750at5794
Pf	25788at5794
Pf	25789at5794
Pf	25853at5794
Pf	25859at5794
Pf	25958at5794
Pf	26001at5794
Pf	26139at5794
Pf	26161at5794
Pf	26277at5794
Pf	26300at5794
Pf	26364at5794
Pf	26366at5794
Pf	26382at5794
Pf	26459at5794
Pf	26665at5794
Pf	26728at5794
Pf	26750at5794
Pf	26779at5794
Pf	26893at5794
Pf	26922at5794
Pf	27009at5794
Pf	27114at5794
Pf	27160at5794
Pf	27184at5794
Pf	27220at5794
Pf	27281at5794
Pf	27293at5794
Pf	27360at5794
Pf	27384at5794
Pf	27388at5794
Pf	27413at5794
Pf	27522at5794
Pf	27590at5794
Pf	27650at5794
Pf	27818at5794
Pf	27931at5794
Pf	27960at5794
Pf	28228at5794
Pf	28230at5794
Pf	28413at5794
Pf	28469at5794
Pf	28533at5794
Pf	28591at5794
Pf	28621at5794
Pf	28815at5794
Pf	28878at5794
Pf	29094at5794
Pf	29301at5794
Pf	29314at5794
Pf	29354at5794
Pf	29369at5794
Pf	29437at5794
Pf	29462at5794
Pf	29541at5794
Pf	29618at5794
Pf	29664at5794
Pf	29816at5794
Pf	29885at5794
Pf	29908at5794
Pf	29916at5794
Pf	30068at5794
Pf	30196at5794
Pf	30292at5794
Pf	30326at5794
Pf	30416at5794
Pf	30605at5794
Pf	30772at5794
Pf	30944at5794
Pf	30973at5794
Pf	31115at5794
Pf	31238at5794
Pf	31317at5794
Pf	31454at5794
Pf	31642at5794
Pf	32130at5794
Pf	32138at5794
Pf	32168at5794
Pf	32865at5794
Pf	33614at5794
Pk	274at5794
Pk	330at5794
Pk	615at5794
Pk	725at5794
Pk	820at5794
Pk	1166at5794
Pk	1204at5794
Pk	1482at5794
Pk	1595at5794
Pk	1612at5794
Pk	1619at5794
Pk	1870at5794
Pk	1911at5794
Pk	1928at5794
Pk	1988at5794
Pk	2281at5794
Pk	2321at5794
Pk	2374at5794
Pk	2387at5794
Pk	2587at5794
Pk	2619at5794
Pk	2648at5794
Pk	2676at5794
Pk	2708at5794
Pk	2737at5794
Pk	2816at5794
Pk	2838at5794
Pk	2962at5794
Pk	3002at5794
Pk	3086at5794
Pk	3102at5794
Pk	3154at5794
Pk	3187at5794
Pk	3274at5794
Pk	3296at5794
Pk	3349at5794
Pk	3388at5794
Pk	3446at5794
Pk	3522at5794
Pk	3558at5794
Pk	3686at5794
Pk	3730at5794
Pk	3823at5794
Pk	3933at5794
Pk	4086at5794
Pk	4144at5794
Pk	4152at5794
Pk	4162at5794
Pk	4227at5794
Pk	4246at5794
Pk	4291at5794
Pk	4370at5794
Pk	4404at5794
Pk	4430at5794
Pk	4526at5794
Pk	4564at5794
Pk	4642at5794
Pk	4695at5794
Pk	4846at5794
Pk	4856at5794
Pk	4967at5794
Pk	5067at5794
Pk	5247at5794
Pk	5412at5794
Pk	5445at5794
Pk	5504at5794
Pk	5510at5794
Pk	5696at5794
Pk	5869at5794
Pk	5881at5794
Pk	6024at5794
Pk	6081at5794
Pk	6083at5794
Pk	6176at5794
Pk	6285at5794
Pk	6307at5794
Pk	6333at5794
Pk	6336at5794
Pk	6367at5794
Pk	6474at5794
Pk	6554at5794
Pk	6605at5794
Pk	6785at5794
Pk	6796at5794
Pk	6891at5794
Pk	6993at5794
Pk	7036at5794
Pk	7091at5794
Pk	7157at5794
Pk	7233at5794
Pk	7295at5794
Pk	7349at5794
Pk	7423at5794
Pk	7447at5794
Pk	7485at5794
Pk	7555at5794
Pk	7566at5794
Pk	7633at5794
Pk	7668at5794
Pk	7687at5794
Pk	7815at5794
Pk	7831at5794
Pk	7857at5794
Pk	7863at5794
Pk	8020at5794
Pk	8041at5794
Pk	8055at5794
Pk	8389at5794
Pk	8420at5794
Pk	8643at5794
Pk	8677at5794
Pk	8690at5794
Pk	8695at5794
Pk	8725at5794
Pk	8735at5794
Pk	8813at5794
Pk	8866at5794
Pk	8903at5794
Pk	8944at5794
Pk	9037at5794
Pk	9069at5794
Pk	9164at5794
Pk	9293at5794
Pk	9319at5794
Pk	9322at5794
Pk	9332at5794
Pk	9361at5794
Pk	9369at5794
Pk	9406at5794
Pk	9462at5794
Pk	9529at5794
Pk	9588at5794
Pk	9601at5794
Pk	9725at5794
Pk	9789at5794
Pk	9808at5794
Pk	9847at5794
Pk	9982at5794
Pk	10029at5794
Pk	10090at5794
Pk	10141at5794
Pk	10293at5794
Pk	10373at5794
Pk	10652at5794
Pk	10788at5794
Pk	10838at5794
Pk	10854at5794
Pk	10856at5794
Pk	10909at5794
Pk	10935at5794
Pk	10985at5794
Pk	11003at5794
Pk	11034at5794
Pk	11057at5794
Pk	11123at5794
Pk	11176at5794
Pk	11205at5794
Pk	11231at5794
Pk	11241at5794
Pk	11259at5794
Pk	11284at5794
Pk	11346at5794
Pk	11405at5794
Pk	11493at5794
Pk	11582at5794
Pk	11612at5794
Pk	11621at5794
Pk	11677at5794
Pk	11711at5794
Pk	11713at5794
Pk	11718at5794
Pk	11783at5794
Pk	11832at5794
Pk	12016at5794
Pk	12071at5794
Pk	12125at5794
Pk	12211at5794
Pk	12351at5794
Pk	12388at5794
Pk	12440at5794
Pk	12505at5794
Pk	12644at5794
Pk	12743at5794
Pk	12797at5794
Pk	12818at5794
Pk	12942at5794
Pk	13036at5794
Pk	13102at5794
Pk	13194at5794
Pk	13336at5794
Pk	13345at5794
Pk	13556at5794
Pk	13632at5794
Pk	13724at5794
Pk	13776at5794
Pk	13789at5794
Pk	13817at5794
Pk	13855at5794
Pk	13883at5794
Pk	13893at5794
Pk	13940at5794
Pk	14024at5794
Pk	14048at5794
Pk	14082at5794
Pk	14124at5794
Pk	14227at5794
Pk	14479at5794
Pk	14505at5794
Pk	14575at5794
Pk	14640at5794
Pk	14681at5794
Pk	14874at5794
Pk	14957at5794
Pk	14975at5794
Pk	14987at5794
Pk	15126at5794
Pk	15286at5794
Pk	15299at5794
Pk	15302at5794
Pk	15350at5794
Pk	15424at5794
Pk	15503at5794
Pk	15514at5794
Pk	15540at5794
Pk	15596at5794
Pk	15774at5794
Pk	15805at5794
Pk	15916at5794
Pk	15993at5794
Pk	16032at5794
Pk	16039at5794
Pk	16057at5794
Pk	16146at5794
Pk	16452at5794
Pk	16539at5794
Pk	16650at5794
Pk	16820at5794
Pk	16994at5794
Pk	17044at5794
Pk	17200at5794
Pk	17218at5794
Pk	17380at5794
Pk	17412at5794
Pk	17497at5794
Pk	17863at5794
Pk	17961at5794
Pk	17999at5794
Pk	18011at5794
Pk	18071at5794
Pk	18098at5794
Pk	18101at5794
Pk	18209at5794
Pk	18428at5794
Pk	18484at5794
Pk	18489at5794
Pk	18531at5794
Pk	18566at5794
Pk	18683at5794
Pk	18706at5794
Pk	18711at5794
Pk	18971at5794
Pk	19039at5794
Pk	19103at5794
Pk	19128at5794
Pk	19183at5794
Pk	19225at5794
Pk	19406at5794
Pk	19467at5794
Pk	19469at5794
Pk	19474at5794
Pk	19637at5794
Pk	19790at5794
Pk	19810at5794
Pk	20051at5794
Pk	20052at5794
Pk	20090at5794
Pk	20348at5794
Pk	20369at5794
Pk	20427at5794
Pk	20436at5794
Pk	20882at5794
Pk	20983at5794
Pk	20986at5794
Pk	21124at5794
Pk	21312at5794
Pk	21351at5794
Pk	21375at5794
Pk	21423at5794
Pk	21482at5794
Pk	21522at5794
Pk	21541at5794
Pk	21717at5794
Pk	21843at5794
Pk	21882at5794
Pk	21956at5794
Pk	21963at5794
Pk	22083at5794
Pk	22116at5794
Pk	22202at5794
Pk	22217at5794
Pk	22257at5794
Pk	22305at5794
Pk	22346at5794
Pk	22440at5794
Pk	22503at5794
Pk	22689at5794
Pk	22709at5794
Pk	22800at5794
Pk	22820at5794
Pk	22835at5794
Pk	22891at5794
Pk	22904at5794
Pk	22905at5794
Pk	22915at5794
Pk	22988at5794
Pk	23020at5794
Pk	23091at5794
Pk	23142at5794
Pk	23183at5794
Pk	23187at5794
Pk	23355at5794
Pk	23425at5794
Pk	23426at5794
Pk	23475at5794
Pk	23514at5794
Pk	23515at5794
Pk	23873at5794
Pk	24023at5794
Pk	24024at5794
Pk	24078at5794
Pk	24161at5794
Pk	24264at5794
Pk	24268at5794
Pk	24292at5794
Pk	24395at5794
Pk	24506at5794
Pk	24670at5794
Pk	24759at5794
Pk	24788at5794
Pk	24890at5794
Pk	24900at5794
Pk	25017at5794
Pk	25046at5794
Pk	25055at5794
Pk	25201at5794
Pk	25213at5794
Pk	25322at5794
Pk	25452at5794
Pk	25455at5794
Pk	25523at5794
Pk	25569at5794
Pk	25624at5794
Pk	25724at5794
Pk	25750at5794
Pk	25788at5794
Pk	25789at5794
Pk	25853at5794
Pk	25859at5794
Pk	25958at5794
Pk	26001at5794
Pk	26139at5794
Pk	26161at5794
Pk	26277at5794
Pk	26300at5794
Pk	26364at5794
Pk	26366at5794
Pk	26382at5794
Pk	26459at5794
Pk	26728at5794
Pk	26750at5794
Pk	26779at5794
Pk	26893at5794
Pk	27009at5794
Pk	27114at5794
Pk	27184at5794
Pk	27220at5794
Pk	27281at5794
Pk	27293at5794
Pk	27360at5794
Pk	27384at5794
Pk	27388at5794
Pk	27413at5794
Pk	27522at5794
Pk	27590at5794
Pk	27650at5794
Pk	27818at5794
Pk	27931at5794
Pk	27960at5794
Pk	28228at5794
Pk	28230at5794
Pk	28413at5794
Pk	28469at5794
Pk	28533at5794
Pk	28591at5794
Pk	28621at5794
Pk	28815at5794
Pk	28878at5794
Pk	29094at5794
Pk	29301at5794
Pk	29314at5794
Pk	29354at5794
Pk	29369at5794
Pk	29437at5794
Pk	29462at5794
Pk	29541at5794
Pk	29618at5794
Pk	29664at5794
Pk	29816at5794
Pk	29885at5794
Pk	29908at5794
Pk	29916at5794
Pk	30068at5794
Pk	30196at5794
Pk	30292at5794
Pk	30326at5794
Pk	30416at5794
Pk	30605at5794
Pk	30772at5794
Pk	30944at5794
Pk	30973at5794
Pk	31115at5794
Pk	31238at5794
Pk	31317at5794
Pk	31454at5794
Pk	31507at5794
Pk	31642at5794
Pk	32130at5794
Pk	32138at5794
Pk	32168at5794
Pk	32865at5794
Pk	33614at5794
Pk	34570at5794
Pv	274at5794
Pv	330at5794
Pv	615at5794
Pv	725at5794
Pv	820at5794
Pv	1166at5794
Pv	1204at5794
Pv	1482at5794
Pv	1595at5794
Pv	1612at5794
Pv	1619at5794
Pv	1870at5794
Pv	1911at5794
Pv	1928at5794
Pv	1988at5794
Pv	2281at5794
Pv	2321at5794
Pv	2374at5794
Pv	2387at5794
Pv	2587at5794
Pv	2619at5794
Pv	2648at5794
Pv	2676at5794
Pv	2708at5794
Pv	2737at5794
Pv	2816at5794
Pv	2838at5794
Pv	2962at5794
Pv	3002at5794
Pv	3086at5794
Pv	3102at5794
Pv	3154at5794
Pv	3187at5794
Pv	3274at5794
Pv	3296at5794
Pv	3349at5794
Pv	3366at5794
Pv	3388at5794
Pv	3446at5794
Pv	3522at5794
Pv	3558at5794
Pv	3686at5794
Pv	3730at5794
Pv	3823at5794
Pv	3933at5794
Pv	4086at5794
Pv	4144at5794
Pv	4152at5794
Pv	4162at5794
Pv	4227at5794
Pv	4246at5794
Pv	4291at5794
Pv	4370at5794
Pv	4404at5794
Pv	4430at5794
Pv	4526at5794
Pv	4564at5794
Pv	4642at5794
Pv	4695at5794
Pv	4846at5794
Pv	4856at5794
Pv	4967at5794
Pv	5067at5794
Pv	5247at5794
Pv	5412at5794
Pv	5445at5794
Pv	5504at5794
Pv	5510at5794
Pv	5696at5794
Pv	5869at5794
Pv	5881at5794
Pv	6024at5794
Pv	6081at5794
Pv	6083at5794
Pv	6176at5794
Pv	6285at5794
Pv	6307at5794
Pv	6333at5794
Pv	6336at5794
Pv	6367at5794
Pv	6474at5794
Pv	6554at5794
Pv	6605at5794
Pv	6785at5794
Pv	6796at5794
Pv	6891at5794
Pv	6993at5794
Pv	7036at5794
Pv	7091at5794
Pv	7157at5794
Pv	7233at5794
Pv	7295at5794
Pv	7349at5794
Pv	7423at5794
Pv	7447at5794
Pv	7485at5794
Pv	7555at5794
Pv	7566at5794
Pv	7633at5794
Pv	7668at5794
Pv	7687at5794
Pv	7815at5794
Pv	7831at5794
Pv	7857at5794
Pv	7863at5794
Pv	8020at5794
Pv	8041at5794
Pv	8055at5794
Pv	8389at5794
Pv	8420at5794
Pv	8643at5794
Pv	8677at5794
Pv	8690at5794
Pv	8695at5794
Pv	8725at5794
Pv	8735at5794
Pv	8813at5794
Pv	8866at5794
Pv	8903at5794
Pv	8944at5794
Pv	9037at5794
Pv	9069at5794
Pv	9164at5794
Pv	9293at5794
Pv	9319at5794
Pv	9322at5794
Pv	9332at5794
Pv	9361at5794
Pv	9369at5794
Pv	9406at5794
Pv	9462at5794
Pv	9529at5794
Pv	9588at5794
Pv	9601at5794
Pv	9725at5794
Pv	9789at5794
Pv	9808at5794
Pv	9847at5794
Pv	9982at5794
Pv	10029at5794
Pv	10090at5794
Pv	10141at5794
Pv	10293at5794
Pv	10373at5794
Pv	10652at5794
Pv	10788at5794
Pv	10838at5794
Pv	10854at5794
Pv	10856at5794
Pv	10909at5794
Pv	10935at5794
Pv	10985at5794
Pv	11003at5794
Pv	11034at5794
Pv	11057at5794
Pv	11123at5794
Pv	11176at5794
Pv	11205at5794
Pv	11231at5794
Pv	11241at5794
Pv	11259at5794
Pv	11284at5794
Pv	11346at5794
Pv	11405at5794
Pv	11493at5794
Pv	11582at5794
Pv	11612at5794
Pv	11621at5794
Pv	11677at5794
Pv	11711at5794
Pv	11713at5794
Pv	11718at5794
Pv	11783at5794
Pv	11832at5794
Pv	12016at5794
Pv	12071at5794
Pv	12125at5794
Pv	12211at5794
Pv	12351at5794
Pv	12388at5794
Pv	12440at5794
Pv	12505at5794
Pv	12644at5794
Pv	12743at5794
Pv	12797at5794
Pv	12818at5794
Pv	12942at5794
Pv	13036at5794
Pv	13102at5794
Pv	13194at5794
Pv	13336at5794
Pv	13345at5794
Pv	13556at5794
Pv	13632at5794
Pv	13724at5794
Pv	13776at5794
Pv	13789at5794
Pv	13817at5794
Pv	13855at5794
Pv	13883at5794
Pv	13893at5794
Pv	13940at5794
Pv	14024at5794
Pv	14048at5794
Pv	14082at5794
Pv	14124at5794
Pv	14479at5794
Pv	14505at5794
Pv	14575at5794
Pv	14640at5794
Pv	14681at5794
Pv	14874at5794
Pv	14957at5794
Pv	14975at5794
Pv	14987at5794
Pv	15126at5794
Pv	15286at5794
Pv	15299at5794
Pv	15302at5794
Pv	15350at5794
Pv	15424at5794
Pv	15503at5794
Pv	15514at5794
Pv	15540at5794
Pv	15596at5794
Pv	15774at5794
Pv	15805at5794
Pv	15916at5794
Pv	15993at5794
Pv	16032at5794
Pv	16039at5794
Pv	16057at5794
Pv	16146at5794
Pv	16452at5794
Pv	16539at5794
Pv	16650at5794
Pv	16820at5794
Pv	16994at5794
Pv	17044at5794
Pv	17200at5794
Pv	17218at5794
Pv	17380at5794
Pv	17412at5794
Pv	17497at5794
Pv	17863at5794
Pv	17961at5794
Pv	17999at5794
Pv	18011at5794
Pv	18071at5794
Pv	18098at5794
Pv	18101at5794
Pv	18209at5794
Pv	18255at5794
Pv	18428at5794
Pv	18484at5794
Pv	18489at5794
Pv	18531at5794
Pv	18566at5794
Pv	18683at5794
Pv	18706at5794
Pv	18711at5794
Pv	18971at5794
Pv	19039at5794
Pv	19103at5794
Pv	19128at5794
Pv	19183at5794
Pv	19225at5794
Pv	19406at5794
Pv	19467at5794
Pv	19469at5794
Pv	19474at5794
Pv	19637at5794
Pv	19790at5794
Pv	19810at5794
Pv	20051at5794
Pv	20052at5794
Pv	20090at5794
Pv	20348at5794
Pv	20369at5794
Pv	20427at5794
Pv	20436at5794
Pv	20882at5794
Pv	20983at5794
Pv	20986at5794
Pv	21092at5794
Pv	21124at5794
Pv	21158at5794
Pv	21312at5794
Pv	21351at5794
Pv	21375at5794
Pv	21423at5794
Pv	21482at5794
Pv	21522at5794
Pv	21541at5794
Pv	21717at5794
Pv	21843at5794
Pv	21882at5794
Pv	21956at5794
Pv	21963at5794
Pv	22083at5794
Pv	22116at5794
Pv	22202at5794
Pv	22217at5794
Pv	22257at5794
Pv	22305at5794
Pv	22346at5794
Pv	22440at5794
Pv	22503at5794
Pv	22689at5794
Pv	22709at5794
Pv	22800at5794
Pv	22820at5794
Pv	22835at5794
Pv	22891at5794
Pv	22904at5794
Pv	22905at5794
Pv	22915at5794
Pv	22988at5794
Pv	23020at5794
Pv	23091at5794
Pv	23142at5794
Pv	23183at5794
Pv	23187at5794
Pv	23355at5794
Pv	23425at5794
Pv	23426at5794
Pv	23475at5794
Pv	23514at5794
Pv	23515at5794
Pv	23873at5794
Pv	24023at5794
Pv	24024at5794
Pv	24078at5794
Pv	24161at5794
Pv	24264at5794
Pv	24268at5794
Pv	24292at5794
Pv	24395at5794
Pv	24506at5794
Pv	24670at5794
Pv	24759at5794
Pv	24788at5794
Pv	24890at5794
Pv	24900at5794
Pv	25017at5794
Pv	25046at5794
Pv	25055at5794
Pv	25201at5794
Pv	25213at5794
Pv	25322at5794
Pv	25452at5794
Pv	25455at5794
Pv	25523at5794
Pv	25569at5794
Pv	25624at5794
Pv	25724at5794
Pv	25788at5794
Pv	25789at5794
Pv	25853at5794
Pv	25859at5794
Pv	25958at5794
Pv	26001at5794
Pv	26139at5794
Pv	26161at5794
Pv	26277at5794
Pv	26300at5794
Pv	26364at5794
Pv	26366at5794
Pv	26382at5794
Pv	26459at5794
Pv	26665at5794
Pv	26728at5794
Pv	26750at5794
Pv	26779at5794
Pv	26893at5794
Pv	26922at5794
Pv	27009at5794
Pv	27114at5794
Pv	27160at5794
Pv	27184at5794
Pv	27220at5794
Pv	27293at5794
Pv	27360at5794
Pv	27384at5794
Pv	27388at5794
Pv	27413at5794
Pv	27522at5794
Pv	27590at5794
Pv	27650at5794
Pv	27818at5794
Pv	27931at5794
Pv	27960at5794
Pv	28228at5794
Pv	28230at5794
Pv	28413at5794
Pv	28469at5794
Pv	28533at5794
Pv	28591at5794
Pv	28621at5794
Pv	28815at5794
Pv	28878at5794
Pv	29094at5794
Pv	29301at5794
Pv	29314at5794
Pv	29354at5794
Pv	29369at5794
Pv	29437at5794
Pv	29462at5794
Pv	29541at5794
Pv	29618at5794
Pv	29664at5794
Pv	29816at5794
Pv	29885at5794
Pv	29908at5794
Pv	29916at5794
Pv	30068at5794
Pv	30196at5794
Pv	30326at5794
Pv	30416at5794
Pv	30605at5794
Pv	30772at5794
Pv	30944at5794
Pv	30973at5794
Pv	31115at5794
Pv	31238at5794
Pv	31317at5794
Pv	31454at5794
Pv	31507at5794
Pv	31642at5794
Pv	32130at5794
Pv	32138at5794
Pv	32173at5794
Pv	32865at5794
Pv	33614at5794
Pv	34570at5794
Py	274at5794
Py	330at5794
Py	615at5794
Py	725at5794
Py	820at5794
Py	1166at5794
Py	1204at5794
Py	1482at5794
Py	1595at5794
Py	1612at5794
Py	1619at5794
Py	1870at5794
Py	1911at5794
Py	1928at5794
Py	1988at5794
Py	2281at5794
Py	2321at5794
Py	2374at5794
Py	2387at5794
Py	2587at5794
Py	2619at5794
Py	2648at5794
Py	2676at5794
Py	2708at5794
Py	2737at5794
Py	2816at5794
Py	2838at5794
Py	2962at5794
Py	3002at5794
Py	3086at5794
Py	3102at5794
Py	3154at5794
Py	3187at5794
Py	3274at5794
Py	3296at5794
Py	3349at5794
Py	3366at5794
Py	3388at5794
Py	3446at5794
Py	3522at5794
Py	3558at5794
Py	3686at5794
Py	3730at5794
Py	3823at5794
Py	3933at5794
Py	4086at5794
Py	4144at5794
Py	4152at5794
Py	4162at5794
Py	4227at5794
Py	4246at5794
Py	4291at5794
Py	4370at5794
Py	4404at5794
Py	4430at5794
Py	4526at5794
Py	4564at5794
Py	4642at5794
Py	4695at5794
Py	4846at5794
Py	4856at5794
Py	4967at5794
Py	5067at5794
Py	5247at5794
Py	5412at5794
Py	5445at5794
Py	5504at5794
Py	5510at5794
Py	5696at5794
Py	5869at5794
Py	5881at5794
Py	6024at5794
Py	6081at5794
Py	6083at5794
Py	6176at5794
Py	6285at5794
Py	6307at5794
Py	6333at5794
Py	6336at5794
Py	6367at5794
Py	6474at5794
Py	6554at5794
Py	6605at5794
Py	6785at5794
Py	6796at5794
Py	6891at5794
Py	6993at5794
Py	7036at5794
Py	7091at5794
Py	7157at5794
Py	7233at5794
Py	7295at5794
Py	7349at5794
Py	7423at5794
Py	7447at5794
Py	7485at5794
Py	7555at5794
Py	7566at5794
Py	7633at5794
Py	7668at5794
Py	7687at5794
Py	7815at5794
Py	7831at5794
Py	7857at5794
Py	7863at5794
Py	8020at5794
Py	8041at5794
Py	8055at5794
Py	8389at5794
Py	8420at5794
Py	8643at5794
Py	8677at5794
Py	8690at5794
Py	8695at5794
Py	8725at5794
Py	8735at5794
Py	8813at5794
Py	8866at5794
Py	8903at5794
Py	8944at5794
Py	9037at5794
Py	9069at5794
Py	9164at5794
Py	9293at5794
Py	9319at5794
Py	9322at5794
Py	9332at5794
Py	9361at5794
Py	9369at5794
Py	9406at5794
Py	9462at5794
Py	9529at5794
Py	9588at5794
Py	9601at5794
Py	9725at5794
Py	9789at5794
Py	9808at5794
Py	9847at5794
Py	9982at5794
Py	10029at5794
Py	10090at5794
Py	10141at5794
Py	10293at5794
Py	10373at5794
Py	10652at5794
Py	10788at5794
Py	10838at5794
Py	10854at5794
Py	10856at5794
Py	10909at5794
Py	10935at5794
Py	10985at5794
Py	11003at5794
Py	11034at5794
Py	11057at5794
Py	11123at5794
Py	11176at5794
Py	11205at5794
Py	11231at5794
Py	11241at5794
Py	11259at5794
Py	11284at5794
Py	11346at5794
Py	11405at5794
Py	11493at5794
Py	11582at5794
Py	11612at5794
Py	11621at5794
Py	11677at5794
Py	11711at5794
Py	11713at5794
Py	11718at5794
Py	11783at5794
Py	11832at5794
Py	12016at5794
Py	12071at5794
Py	12125at5794
Py	12211at5794
Py	12351at5794
Py	12388at5794
Py	12440at5794
Py	12505at5794
Py	12644at5794
Py	12743at5794
Py	12797at5794
Py	12818at5794
Py	12942at5794
Py	13036at5794
Py	13102at5794
Py	13194at5794
Py	13336at5794
Py	13345at5794
Py	13556at5794
Py	13632at5794
Py	13724at5794
Py	13776at5794
Py	13789at5794
Py	13817at5794
Py	13855at5794
Py	13883at5794
Py	13893at5794
Py	13940at5794
Py	14024at5794
Py	14048at5794
Py	14082at5794
Py	14124at5794
Py	14227at5794
Py	14479at5794
Py	14505at5794
Py	14575at5794
Py	14640at5794
Py	14681at5794
Py	14874at5794
Py	14957at5794
Py	14975at5794
Py	14987at5794
Py	15126at5794
Py	15286at5794
Py	15299at5794
Py	15302at5794
Py	15350at5794
Py	15424at5794
Py	15503at5794
Py	15514at5794
Py	15540at5794
Py	15596at5794
Py	15774at5794
Py	15805at5794
Py	15855at5794
Py	15916at5794
Py	15993at5794
Py	16032at5794
Py	16039at5794
Py	16057at5794
Py	16146at5794
Py	16452at5794
Py	16539at5794
Py	16650at5794
Py	16820at5794
Py	16994at5794
Py	17044at5794
Py	17200at5794
Py	17218at5794
Py	17380at5794
Py	17412at5794
Py	17497at5794
Py	17863at5794
Py	17961at5794
Py	17999at5794
Py	18011at5794
Py	18071at5794
Py	18098at5794
Py	18101at5794
Py	18209at5794
Py	18255at5794
Py	18428at5794
Py	18484at5794
Py	18489at5794
Py	18531at5794
Py	18566at5794
Py	18683at5794
Py	18706at5794
Py	18711at5794
Py	18971at5794
Py	19039at5794
Py	19103at5794
Py	19128at5794
Py	19183at5794
Py	19225at5794
Py	19406at5794
Py	19467at5794
Py	19469at5794
Py	19474at5794
Py	19637at5794
Py	19790at5794
Py	19810at5794
Py	20051at5794
Py	20052at5794
Py	20090at5794
Py	20348at5794
Py	20369at5794
Py	20427at5794
Py	20436at5794
Py	20882at5794
Py	20983at5794
Py	20986at5794
Py	21092at5794
Py	21124at5794
Py	21158at5794
Py	21312at5794
Py	21351at5794
Py	21375at5794
Py	21423at5794
Py	21482at5794
Py	21522at5794
Py	21541at5794
Py	21717at5794
Py	21843at5794
Py	21882at5794
Py	21956at5794
Py	21963at5794
Py	22083at5794
Py	22116at5794
Py	22202at5794
Py	22217at5794
Py	22305at5794
Py	22346at5794
Py	22440at5794
Py	22503at5794
Py	22689at5794
Py	22709at5794
Py	22800at5794
Py	22820at5794
Py	22835at5794
Py	22891at5794
Py	22904at5794
Py	22905at5794
Py	22915at5794
Py	22988at5794
Py	23020at5794
Py	23091at5794
Py	23142at5794
Py	23183at5794
Py	23187at5794
Py	23355at5794
Py	23425at5794
Py	23426at5794
Py	23475at5794
Py	23514at5794
Py	23515at5794
Py	23873at5794
Py	24023at5794
Py	24024at5794
Py	24078at5794
Py	24161at5794
Py	24264at5794
Py	24268at5794
Py	24395at5794
Py	24506at5794
Py	24670at5794
Py	24759at5794
Py	24788at5794
Py	24890at5794
Py	24900at5794
Py	25017at5794
Py	25046at5794
Py	25055at5794
Py	25201at5794
Py	25213at5794
Py	25322at5794
Py	25452at5794
Py	25455at5794
Py	25523at5794
Py	25569at5794
Py	25724at5794
Py	25788at5794
Py	25789at5794
Py	25853at5794
Py	25859at5794
Py	25958at5794
Py	26001at5794
Py	26139at5794
Py	26161at5794
Py	26277at5794
Py	26300at5794
Py	26364at5794
Py	26366at5794
Py	26382at5794
Py	26459at5794
Py	26665at5794
Py	26728at5794
Py	26750at5794
Py	26779at5794
Py	26893at5794
Py	26922at5794
Py	27009at5794
Py	27114at5794
Py	27160at5794
Py	27184at5794
Py	27220at5794
Py	27281at5794
Py	27293at5794
Py	27384at5794
Py	27388at5794
Py	27413at5794
Py	27522at5794
Py	27590at5794
Py	27650at5794
Py	27818at5794
Py	27931at5794
Py	27960at5794
Py	28228at5794
Py	28230at5794
Py	28413at5794
Py	28469at5794
Py	28533at5794
Py	28591at5794
Py	28621at5794
Py	28815at5794
Py	28878at5794
Py	29094at5794
Py	29301at5794
Py	29314at5794
Py	29354at5794
Py	29369at5794
Py	29437at5794
Py	29462at5794
Py	29618at5794
Py	29664at5794
Py	29816at5794
Py	29885at5794
Py	29908at5794
Py	29916at5794
Py	30068at5794
Py	30196at5794
Py	30292at5794
Py	30326at5794
Py	30416at5794
Py	30605at5794
Py	30772at5794
Py	30944at5794
Py	30973at5794
Py	31115at5794
Py	31238at5794
Py	31317at5794
Py	31454at5794
Py	31507at5794
Py	31642at5794
Py	32130at5794
Py	32138at5794
Py	32865at5794
Py	33614at5794
Py	34570at5794
Tg	8677at5794
Tg	14987at5794
Tg	24023at5794
Tg	32138at5794
